{
    "charmap": {
        "அ": [["௹", 1.0]],
        "ஆ": [["ஶ", 1.0],["ஸ", 1.0],["ா", 1.0]],
        "இ": [["ி", 1.0],["௺", 1.0]],
        "ஈ": [["ஷ", 1.0],["ீ", 1.0]],
        "உ": [["ு", 1.0],["௸", 1.0]],
        "ஊ": [["ஜ", 1.0],["ூ", 1.0]],
        "எ": [["ெ", 1.0],["ௗ", 1.0]],
        "ஏ": [["ஞ", 1.0],["ே", 1.0]],
        "ஐ": [["ஹ", 1.0],["ை", 1.0]],
        "ஒ": [["ொ", 1.0],["௵", 1.0]],
        "ஓ": [["ோ", 1.0],["௴", 1.0]],
        "ஔ": [["ௌ", 1.0],["௳", 1.0]],
        "ங": [["௷", 1.0]],
        "ல": [["ௐ", 1.0]],
        "வ": [["௶", 1.0]],
        "க": [["்க", 1.0, 0]],
        "ங": [["்ங", 1.0, 0]],
        "ச": [["்ச", 1.0, 0]],
        "ஜ": [["்ஜ", 1.0, 0]],
        "ஞ": [["்ஞ", 1.0, 0]],
        "ட": [["்ட", 1.0, 0]],
        "ண": [["்ண", 1.0, 0]],
        "த": [["்த", 1.0, 0]],
        "ந": [["்ந", 1.0, 0]],
        "ன": [["்ன", 1.0, 0]],
        "ப": [["்ப", 1.0, 0]],
        "ம": [["்ம", 1.0, 0]],
        "ய": [["்ய", 1.0, 0]],
        "ர": [["்ர", 1.0, 0]],
        "ற": [["்ற", 1.0, 0]],
        "ல": [["்ல", 1.0, 0]],
        "ள": [["்ள", 1.0, 0]],
        "ழ": [["்ழ", 1.0, 0]],
        "வ": [["்வ", 1.0, 0]],
        "ஶ": [["்ஶ", 1.0, 0]],
        "ஷ": [["்ஷ", 1.0, 0]],
        "ஸ": [["்ஸ", 1.0, 0]],
        "ஹ": [["்ஹ", 1.0, 0]]
    },
    "multicharmap": {
        "க்": [["ஃ", 1.0],["்", 1.0]]
    },
        "name": "Tamil(India)",
        "local_name": "தமிழ்",
        "variant": [
                "ta",
                "IN"
        ]
}
