{
        "comment": "",
        "charmap": {
            "క":[["్క", 1.0,0]],
            "ఖ":[["్ఖ", 1.0,0]],
            "గ":[["్గ", 1.0,0]],
            "ఘ":[["్ఘ", 1.0,0]],
            "ఙ":[["్ఙ", 1.0,0]],
            "చ":[["్చ", 1.0,0]],
            "ఛ":[["్ఛ", 1.0,0]],
            "జ":[["్జ", 1.0,0]],
            "ఝ":[["్ఝ", 1.0,0]],
            "ఞ":[["్ఞ", 1.0,0]],
            "ట":[["్ట", 1.0,0]],
            "ఠ":[["్ఠ", 1.0,0]],
            "డ":[["్డ", 1.0,0]],
            "ఢ":[["్ఢ", 1.0,0]],
            "ణ":[["్ణ", 1.0,0]],
            "త":[["్త", 1.0,0]],
            "థ":[["్థ", 1.0,0]],
            "ద":[["్ద", 1.0,0]],
            "ధ":[["్ధ", 1.0,0]],
            "న":[["్న", 1.0,0]],
            "ప":[["్ప", 1.0,0]],
            "ఫ":[["్ఫ", 1.0,0]],
            "బ":[["్బ", 1.0,0]],
            "భ":[["్భ", 1.0,0]],
            "మ":[["్మ", 1.0,0]],
            "య":[["్య", 1.0,0]],
            "ర":[["్ర", 1.0,0]],
            "ఱ":[["్ఱ", 1.0,0]],
            "ల":[["్ల", 1.0,0]],
            "ళ":[["్ళ", 1.0,0]],
            "వ":[["్వ", 1.0,0]],
            "శ":[["్శ", 1.0,0]],
            "ష":[["్ష", 1.0,0]],
            "స":[["్స", 1.0,0]],
            "హ":[["్హ", 1.0,0]]
        },
        "name": "Telugu(India)",
        "variant": ["te","IN"],
        "version": [0,3],
        "local_name": "తెలుగు"
}
