{
        "comment": "",
        "charmap": {
            "ಕ":[["್ಕ", 1.0,0]],
            "ಖ":[["್ಖ", 1.0,0]],
            "ಗ":[["್ಗ", 1.0,0]],
            "ಘ":[["್ಘ", 1.0,0]],
            "ಙ":[["್ಙ", 1.0,0]],
            "ಚ":[["್ಚ", 1.0,0]],
            "ಛ":[["್ಛ", 1.0,0]],
            "ಜ":[["್ಜ", 1.0,0]],
            "ಝ":[["್ಝ", 1.0,0]],
            "ಞ":[["್ಞ", 1.0,0]],
            "ಟ":[["್ಟ", 1.0,0]],
            "ಠ":[["್ಠ", 1.0,0]],
            "ಡ":[["್ಡ", 1.0,0]],
            "ಢ":[["್ಢ", 1.0,0]],
            "ಣ":[["್ಣ", 1.0,0]],
            "ತ":[["್ತ", 1.0,0]],
            "ಥ":[["್ಥ", 1.0,0]],
            "ದ":[["್ದ", 1.0,0]],
            "ಧ":[["್ಧ", 1.0,0]],
            "ನ":[["್ನ", 1.0,0]],
            "ಪ":[["್ಪ", 1.0,0]],
            "ಫ":[["್ಫ", 1.0,0]],
            "ಬ":[["್ಬ", 1.0,0]],
            "ಭ":[["್ಭ", 1.0,0]],
            "ಮ":[["್ಮ", 1.0,0]],
            "ಯ":[["್ಯ", 1.0,0]],
            "ರ":[["್ರ", 1.0,0]],
            "ಱ":[["್ಱ", 1.0,0]],
            "ಲ":[["್ಲ", 1.0,0]],
            "ಳ":[["್ಳ", 1.0,0]],
            "ವ":[["್ವ", 1.0,0]],
            "ಶ":[["್ಶ", 1.0,0]],
            "ಷ":[["್ಷ", 1.0,0]],
            "ಸ":[["್ಸ", 1.0,0]],
            "ಹ":[["್ಹ", 1.0,0]]
        },
        "name": "Kannada(India)",
        "variant": ["kn","IN"],
        "version": [0,3],
        "local_name": "ಕನ್ನಡ"
}
