{
    "charmap": {
        "ก": [["ฏ", 1.0]],
        "ง": [["๏", 1.0]],
        "ด": [["โ", 1.0]],
        "ท": [["ํ", 1.0]],
        "น": [["ฯ", 1.0]],
        "บ": [["ฐ", 1.0]],
        "ป": [["๎", 1.0]],
        "ผ": [["ฝ", 1.0]],
        "พ": [["ฑ", 1.0]],
        "ฟ": [["ฤ", 1.0]],
        "ม": [["ฒ", 1.0]],
        "ย": [["ญ", 1.0]],
        "ร": [["ณ", 1.0]],
        "ล": [["ฦ", 1.0]],
        "ว": [["ซ", 1.0]],
        "ส": [["ศ", 1.0]],
        "ห": [["ฆ", 1.0]],
        "อ": [["ฮ", 1.0]],
        "ะ": [["ธ", 1.0]],
        "า": [["ษ", 1.0]],
        "ำ": [["ฎ", 1.0]],
        "ิ": [["ฺ", 1.0]],
        "ี": [["๊", 1.0]],
        "ื": [["์", 1.0]],
        "ุ": [["ู", 1.0]],
        "เ": [["ฌ", 1.0]],
        "แ": [["ฉ", 1.0]],
        "ใ": [["ฬ", 1.0]],
        "ไ": [["฿", 1.0]],
        "่": [["๋", 1.0]],
        "้": [["็", 1.0]]
    },
        "name": "Thai",
        "local_name": "ไทย",
        "variant": [
                "th",
                "TH"
        ]
}
