{
    "comment": "",
    "charmap": {
        "क": [
            [
                "्क",
                1.0,0
            ]
        ],
        "ख": [
            [
                "्ख",
                1.0,0
            ]
        ],
        "ग": [
            [
                "्ग",
                1.0,0
            ]
	 ],
        "घ": [
            [
                "्घ",
                1.0,0
            ]
        ],
           "ङ": [
            [
                "्ङ",
                1.0,0
            ]
        ],
        "च": [
            [
                "्च",
                1.0,0
            ]
        ],
        "छ": [
            [
                "्छ",
                1.0,0
            ]
        ],
        "ज": [
            [
                "्ज",
                1.0,0
            ]
        ],
        "झ": [
            [
                "्झ",
                1.0,0
            ]
        ],
        "ञ": [
            [
                "्ञ",
                1.0,0
            ]
        ],
        "ट": [
            [
                "्ट",
                1.0,0
            ]
        ],
        "ठ": [
            [
                "्ठ",
                1.0,0
            ]
        ],
        "ड": [
            [
                "्ड",
                1.0,0
            ]
        ],
        "ढ": [
            [
                "्ढ",
                1.0,0
            ]
        ],
        "त": [
            [
                "्त",
                1.0,0
            ]
        ],
        "थ": [
            [
                "्थ",
                1.0,0
            ]
        ],
        "द": [
            [
                "्द",
                1.0,0
            ]
        ],
        "ध": [
            [
                "्ध",
                1.0,0
            ]
        ],
        "न": [
            [
                "्न",
                1.0,0
            ]
        ],
        "प": [
            [
                "्प",
                1.0,0
            ]
        ],
        "फ": [
            [
                "्फ",
                1.0,0
            ]
        ],
        "ब": [
            [
                "्ब",
                1.0,0
            ]
        ],
        "भ": [
            [
                "्भ",
                1.0,0
            ]
        ],
        "म": [
            [
                "्म",
                1.0,0
            ]
        ],
        "य": [
            [
                "्य",
                1.0,0
            ]
        ],
        "र": [
            [
                "्र",
                1.0,0
            ]
        ],
        "ल": [
            [
                "्ल",
                1.0,0
            ]
        ],
        "व": [
            [
                "्व",
                1.0,0
            ]
        ],
        "स": [
            [
                "्स",
                1.0,0
            ]
        ],
        "श": [
            [
                "्श",
                1.0,0
            ]
        ],
        "ष": [
            [
                "्ष",
                1.0,0
            ]
        ],
        "ह": [
            [
                "्ह",
                1.0,0
            ]
        ],
        "ौ": [
            [
                "औ",
                1.0,0
            ]
        ],
        "ो": [
            [
                "ओ",
                1.0,0
            ]
        ],
        "े": [
            [
                "ए",
                1.0,0
            ]
        ],
        "ै": [
            [
                "ऐ",
                1.0,0
            ]
        ],
        "ा": [
            [
                "आ",
                1.0,0
            ]
        ],
        "्": [
            [
                "अ",
                1.0,0
            ]
        ],
        "ी": [
            [
                "ई",
                1.0,0
            ]
        ],
        "ि": [
            [
                "इ",
                1.0,0
            ]
        ],
        "ु": [
            [
                "उ",
                1.0,0
            ]
        ],
        "ू": [
            [
                "ऊ",
                1.0,0
            ]
        ],
        "ॉ": [
            [
                "ऑ",
                1.0,0
            ]
        ],
        "औ": [
            [
                "ौ",
                1.0,0
            ]
        ],
        "ओ": [
            [
                "ो",
                1.0,0
            ]
        ],
        "ए": [
            [
                "े",
                1.0,0
            ]
        ],
        "ऐ": [
            [
                "ै",
                1.0,0
            ]
        ],
        "आ": [
            [
                "ा",
                1.0,0
            ]
        ],
        "अ": [
            [
                "्",
                1.0,0
            ]
        ],
        "ई": [
            [
                "ी",
                1.0,0
            ]
        ],
        "इ": [
            [
                "ि",
                1.0,0
            ]
        ],
        "उ": [
            [
                "ु",
                1.0,0
            ]
        ],
        "ऊ": [
            [
                "ू",
                1.0,0
            ]
        ],
        "ऑ": [
            [
                "ॉ",
                1.0,0
            ]
        ]
    },
    "name": "Hindi(India)",
    "variant": [
        "hi",
        "IN"
    ],
    "version": [
        0,
        3
    ],
    "local_name": "मानकहिन्द"
}
