{"comment":"","charmap":{"a":[["à",1.0,0],["å",1.0,0],["'a",1.0,0],["ä",1.0,0],["â",1.0,1]],"A":[["'A",1.0,0],["Â",1.0,1]],"C":[["'C",1.0,0]],"e":[["é",1.0,0],["è",1.0,0],["ê",1.0,1]],"E":[["Ê",1.0,1]],"d":[["'d",1.0,0]],"i":[["I",0.1,0],["I'",0.5,0],["Ï",0.1,1],["ï",1.0,0],["'i",1.0,0],["î",1.0,1]],"I":[["Î",1.0,1],["Ï",1.0,1],["Ì",1.0,1]],"s":[["'s",1.0,0]],"m":[["'m",1.0,0]],"c":[["'c",1.0,0],["ç",1.0,0]],"O":[["'O",1.0,0],["Ò",1.0,1],["Ô",1.0,1]],"l":[["'l",1.0,0]],"p":[["'p",1.0,0]],"S":[["'S",1.0,0]],"n":[["ñ",1.0,0],["'n",1.0,0]],"u":[["'u",1.0,0],["û",1.0,1]],"o":[["'o",1.0,0],["ö",1.0,0],["ó",1.0,0],["ô",1.0,1],["ò",1.0,1]],"v":[["'v",1.0,0]],"y":[["'y",1.0,0],["ŷ",1.0,1],["ỳ",1.0,1]],"Y":[["Ỳ",1.0,1],["Ŷ",1.0,1]],"r":[["'r",1.0,0]],"N":[["'N",1.0,0]],"t":[["'t",1.0,0]],"w":[["ŵ",1.0,1]],"W":[["Ŵ",1.0,1]]},"name":"Welsh (GB)","variant":["cy","GB"],"version":[0,1],"local_name":"Welsh (GB)"}
