{
    "charmap": {
        "ਕ": [
            [
                "ਖ",
                1.0,
                0
            ],
            [
                "੍ਕ",
                1.0,
                0
            ]
        ],
        "ਖ": [
            [
                "੍ਖ",
                1.0,
                0
            ]
        ],
        "ਗ": [
            [
                "ਘ",
                1.0,
                0
            ],
            [
                "੍ਗ",
                1.0,
                0
            ]
        ],
        "ਘ": [
            [
                "ਛ",
                1.0,
                0
            ],
            [
                "੍ਘ",
                1.0,
                0
            ]
        ],
        "ਙ": [
            [
                "੍ਙ",
                1.0,
                0
            ]
        ],
        "ਚ": [
            [
                "੍ਚ",
                1.0,
                0
            ]
        ],
        "ਛ": [
            [
                "੍ਛ",
                1.0,
                0
            ]
        ],
        "ਜ": [
            [
                "ਝ",
                1.0,
                0
            ],
            [
                "੍ਜ",
                1.0,
                0
            ]
        ],
        "ਝ": [
            [
                "੍ਝ",
                1.0,
                0
            ]
        ],
        "ਞ": [
            [
                "੍ਞ",
                1.0,
                0
            ]
        ],
        "ਟ": [
            [
                "ਠ",
                1.0,
                0
            ],
            [
                "੍ਟ",
                1.0,
                0
            ]
        ],
        "ਠ": [
            [
                "੍ਠ",
                1.0,
                0
            ]
        ],
        "ਡ": [
            [
                "ਢ",
                1.0,
                0
            ],
            [
                "੍ਡ",
                1.0,
                0
            ]
        ],
        "ਢ": [
            [
                "੍ਢ",
                1.0,
                0
            ]
        ],
        "ਣ": [
            [
                "੍ਣ",
                1.0,
                0
            ]
        ],
        "ਤ": [
            [
                "ਥ",
                1.0,
                0
            ],
            [
                "੍ਤ",
                1.0,
                0
            ]
        ],
        "ਥ": [
            [
                "੍ਥ",
                1.0,
                0
            ]
        ],
        "ਦ": [
            [
                "ਧ",
                1.0,
                0
            ],
            [
                "੍ਦ",
                1.0,
                0
            ]
        ],
        "ਧ": [
            [
                "੍ਧ",
                1.0,
                0
            ]
        ],
        "ਨ": [
            [
                "ਣ",
                1.0,
                0
            ],
            [
                "੍ਨ",
                1.0,
                0
            ]
        ],
        "ਪ": [
            [
                "ਫ",
                1.0,
                0
            ],
            [
                "੍ਪ",
                1.0,
                0
            ]
        ],
        "ਫ": [
            [
                "੍ਫ",
                1.0,
                0
            ]
        ],
        "ਬ": [
            [
                "ਭ",
                1.0,
                0
            ],
            [
                "੍ਬ",
                1.0,
                0
            ]
        ],
        "ਭ": [
            [
                "੍ਭ",
                1.0,
                0
            ]
        ],
        "ਮ": [
            [
                "ਁ",
                1.0,
                0
            ],
            [
                "੍ਮ",
                1.0,
                0
            ]
        ],
        "ਯ": [
            [
                ")",
                1.0,
                0
            ],
            [
                "੍ਯ",
                1.0,
                0
            ]
        ],
        "ਰ": [
            [
                "ੜ",
                1.0,
                0
            ],
            [
                "੍ਰ",
                1.0,
                0
            ]
        ],
        "ਲ": [
            [
                "ਲ਼",
                1.0,
                0
            ],
            [
                "੍ਲ",
                1.0,
                0
            ]
        ],
        "ਲ਼": [
            [
                "੍ਲ਼",
                1.0,
                0
            ]
        ],
        "ਵ": [
            [
                "ਞ",
                1.0,
                0
            ],
            [
                "੍ਵ",
                1.0,
                0
            ]
        ],
        "ਸ਼": [
            [
                "੍ਸ਼",
                1.0,
                0
            ]
        ],
        "ਸ": [
            [
                "ਸ਼",
                1.0,
                0
            ],
            [
                "੍ਸ",
                1.0,
                0
            ]
        ],
        "ਹ": [
            [
                "ਙ",
                1.0,
                0
            ],
            [
                "੍ਹ",
                1.0,
                0
            ]
        ],
        "ਾ": [
            [
                "ਆ",
                1.0,
                0
            ]
        ],
        "ਿ": [
            [
                "ਇ",
                1.0,
                0
            ]
        ],
        "ੀ": [
            [
                "ਈ",
                1.0,
                0
            ]
        ],
        "ੁ": [
            [
                "ਉ",
                1.0,
                0
            ]
        ],
        "ੂ": [
            [
                "ਊ",
                1.0,
                0
            ]
        ],
        "ੇ": [
            [
                "ਏ",
                1.0,
                0
            ]
        ],
        "ੈ": [
            [
                "ਐ",
                1.0,
                0
            ]
        ],
        "ੋ": [
            [
                "ਓ",
                1.0,
                0
            ]
        ],
        "ੌ": [
            [
                "ਔ",
                1.0,
                0
            ]
        ],
        "੍": [
            [
                "ਅ",
                1.0,
                0
            ]
        ],
        "ੰ": [
            [
                "਼",
                1.0,
                0
            ]
        ],
        "ੱ": [
            [
                "ਁ",
                1.0,
                0
            ]
        ]
    },
    "comment": "",
    "local_name": "ਪੰਜਾਬੀ",
    "name": "Punjabi(India)",
    "variant": [
        "pa",
        "IN"
    ],
    "version": [
        0,
        3
    ]
}
