{
    "charmap": {
        "ॉ": [
            [
                "ऑ",
                1.0,
                0
            ]
        ],
        "ક": [
            [
                "્ક",
                1.0,
                0
            ]
        ],
        "ખ": [
            [
                "્ખ",
                1.0,
                0
            ]
        ],
        "ગ": [
            [
                "્ગ",
                1.0,
                0
            ]
        ],
        "ઘ": [
            [
                "્ઘ",
                1.0,
                0
            ]
        ],
        "ઙ": [
            [
                "્ઙ",
                1.0,
                0
            ]
        ],
        "ચ": [
            [
                "્ચ",
                1.0,
                0
            ]
        ],
        "છ": [
            [
                "્છ",
                1.0,
                0
            ]
        ],
        "જ": [
            [
                "્જ",
                1.0,
                0
            ]
        ],
        "ઝ": [
            [
                "્ઝ",
                1.0,
                0
            ]
        ],
        "ઞ": [
            [
                "્ઞ",
                1.0,
                0
            ]
        ],
        "ટ": [
            [
                "્ટ",
                1.0,
                0
            ]
        ],
        "ઠ": [
            [
                "્ઠ",
                1.0,
                0
            ]
        ],
        "ડ": [
            [
                "્ડ",
                1.0,
                0
            ]
        ],
        "ઢ": [
            [
                "્ઢ",
                1.0,
                0
            ]
        ],
        "ણ": [
            [
                "્ણ",
                1.0,
                0
            ]
        ],
        "ત": [
            [
                "્ત",
                1.0,
                0
            ]
        ],
        "થ": [
            [
                "્થ",
                1.0,
                0
            ]
        ],
        "દ": [
            [
                "્દ",
                1.0,
                0
            ]
        ],
        "ધ": [
            [
                "્ધ",
                1.0,
                0
            ]
        ],
        "ન": [
            [
                "્ન",
                1.0,
                0
            ]
        ],
        "પ": [
            [
                "્પ",
                1.0,
                0
            ]
        ],
        "ફ": [
            [
                "્ફ",
                1.0,
                0
            ]
        ],
        "બ": [
            [
                "્બ",
                1.0,
                0
            ]
        ],
        "ભ": [
            [
                "્ભ",
                1.0,
                0
            ]
        ],
        "મ": [
            [
                "્મ",
                1.0,
                0
            ]
        ],
        "ય": [
            [
                "્ય",
                1.0,
                0
            ]
        ],
        "ર": [
            [
                "્ર",
                1.0,
                0
            ]
        ],
        "લ": [
            [
                "્લ",
                1.0,
                0
            ]
        ],
        "ળ": [
            [
                "્ળ",
                1.0,
                0
            ]
        ],
        "વ": [
            [
                "્વ",
                1.0,
                0
            ]
        ],
        "શ": [
            [
                "્શ",
                1.0,
                0
            ]
        ],
        "ષ": [
            [
                "્ષ",
                1.0,
                0
            ]
        ],
        "સ": [
            [
                "્સ",
                1.0,
                0
            ]
        ],
        "હ": [
            [
                "્હ",
                1.0,
                0
            ]
        ],
        "ા": [
            [
                "આ",
                1.0,
                0
            ]
        ],
        "િ": [
            [
                "ઇ",
                1.0,
                0
            ]
        ],
        "ી": [
            [
                "ઈ",
                1.0,
                0
            ]
        ],
        "ુ": [
            [
                "ઉ",
                1.0,
                0
            ]
        ],
        "ૂ": [
            [
                "ઊ",
                1.0,
                0
            ]
        ],
        "ે": [
            [
                "એ",
                1.0,
                0
            ]
        ],
        "ૈ": [
            [
                "ઐ",
                1.0,
                0
            ]
        ],
        "ૉ": [
            [
                "ઑ",
                1.0,
                0
            ]
        ],
        "ો": [
            [
                "ઓ",
                1.0,
                0
            ]
        ],
        "ૌ": [
            [
                "ઔ",
                1.0,
                0
            ]
        ],
        "્": [
            [
                "અ",
                1.0,
                0
            ]
        ],
        "આ": [
            [
                "ા",
                1.0,
                0
            ]
        ],
        "ઇ": [
            [
                "િ",
                1.0,
                0
            ]
        ],
        "ઈ": [
            [
                "ી",
                1.0,
                0
            ]
        ],
        "ઉ": [
            [
                "ુ",
                1.0,
                0
            ]
        ],
        "ઊ": [
            [
                "ૂ",
                1.0,
                0
            ]
        ],
        "એ": [
            [
                "ે",
                1.0,
                0
            ]
        ],
        "ઐ": [
            [
                "ૈ",
                1.0,
                0
            ]
        ],
        "ૉ": [
            [
                "ઑ",
                1.0,
                0
            ]
        ],
        "ઓ": [
            [
                "ો",
                1.0,
                0
            ]
        ],
        "ઔ": [
            [
                "ૌ",
                1.0,
                0
            ]
        ],
        "અ": [
            [
                "્",
                1.0,
                0
            ]
        ]
    },
    "comment": "",
    "local_name": "ગુજરાતી",
    "name": "Gujarati(India)",
    "variant": [
        "gu",
        "IN"
    ],
    "version": [
        0,
        3
    ]
}
