{
        "comment": "",
        "charmap": {
            "ക":[["്ക", 1.0,0]],
            "ഖ":[["്ഖ", 1.0,0]],
            "ഗ":[["്ഗ", 1.0,0]],
            "ഘ":[["്ഘ", 1.0,0]],
            "ങ":[["്ങ", 1.0,0]],
            "ച":[["്ച", 1.0,0]],
            "ഛ":[["്ഛ", 1.0,0]],
            "ജ":[["്ജ", 1.0,0]],
            "ഝ":[["്ഝ", 1.0,0]],
            "ഞ":[["്ഞ", 1.0,0]],
            "ട":[["്ട", 1.0,0]],
            "ഠ":[["്ഠ", 1.0,0]],
            "ഡ":[["്ഡ", 1.0,0]],
            "ഢ":[["്ഢ", 1.0,0]],
            "ണ":[["്ണ", 1.0,0]],
            "ത":[["്ത", 1.0,0]],
            "ഥ":[["്ഥ", 1.0,0]],
            "ദ":[["്ദ", 1.0,0]],
            "ധ":[["്ധ", 1.0,0]],
            "ന":[["്ന", 1.0,0]],
            "ഩ":[["്ഩ", 1.0,0]],
            "പ":[["്പ", 1.0,0]],
            "ഫ":[["്ഫ", 1.0,0]],
            "ബ":[["്ബ", 1.0,0]],
            "ഭ":[["്ഭ", 1.0,0]],
            "മ":[["്മ", 1.0,0]],
            "യ":[["്യ", 1.0,0]],
            "ര":[["്ര", 1.0,0]],
            "റ":[["്റ", 1.0,0]],
            "ല":[["്ല", 1.0,0]],
            "ള":[["്ള", 1.0,0]],
            "ഴ":[["്ഴ", 1.0,0]],
            "വ":[["്വ", 1.0,0]],
            "ശ":[["്ശ", 1.0,0]],
            "ഷ":[["്ഷ", 1.0,0]],
            "സ":[["്സ", 1.0,0]],
            "ഹ":[["്ഹ", 1.0,0]],
            "ഺ":[["്ഺ", 1.0,0]]
        },
        "name": "Malayalam(India)",
        "variant": ["ml","IN"],
        "version": [0,3],
        "local_name": "മലയാളം"
}
