{
    "charmap": {
        "ং": [
            [
                "ঁ",
                1.0,
                0
            ]
        ],
        "ক": [
            [
                "খ",
                1.0,
                0
            ],
            [
                "্ক",
                1.0,
                0
            ]
        ],
        "খ": [
            [
                "্খ",
                1.0,
                0
            ]
        ],
        "গ": [
            [
                "ঘ",
                1.0,
                0
            ],
            [
                "্গ",
                1.0,
                0
            ]
        ],
        "ঘ": [
            [
                "্ঘ",
                1.0,
                0
            ]
        ],
        "ঙ": [
            [
                "্ঙ",
                1.0,
                0
            ]
        ],
        "চ": [
            [
                "ছ",
                1.0,
                0
            ],
            [
                "্চ",
                1.0,
                0
            ]
        ],
        "ছ": [
            [
                "্ছ",
                1.0,
                0
            ]
        ],
        "জ": [
            [
                "ঝ",
                1.0,
                0
            ],
            [
                "্জ",
                1.0,
                0
            ]
        ],
        "ঝ": [
            [
                "্ঝ",
                1.0,
                0
            ]
        ],
        "ঞ": [
            [
                "্ঞ",
                1.0,
                0
            ]
        ],
        "ট": [
            [
                "ঠ",
                1.0,
                0
            ],
            [
                "্ট",
                1.0,
                0
            ]
        ],
        "ঠ": [
            [
                "্ঠ",
                1.0,
                0
            ]
        ],
        "ড": [
            [
                "ঢ",
                1.0,
                0
            ],
            [
                "্ড",
                1.0,
                0
            ]
        ],
        "ঢ": [
            [
                "্ঢ",
                1.0,
                0
            ]
        ],
        "ণ": [
            [
                "্ণ",
                1.0,
                0
            ]
        ],
        "ত": [
            [
                "থ",
                1.0,
                0
            ],
            [
                "্ত",
                1.0,
                0
            ]
        ],
        "থ": [
            [
                "্থ",
                1.0,
                0
            ]
        ],
        "দ": [
            [
                "ধ",
                1.0,
                0
            ],
            [
                "্দ",
                1.0,
                0
            ]
        ],
        "ধ": [
            [
                "্ধ",
                1.0,
                0
            ]
        ],
        "ন": [
            [
                "ঙ",
                1.0,
                0
            ],
            [
                "্ন",
                1.0,
                0
            ]
        ],
        "প": [
            [
                "ফ",
                1.0,
                0
            ],
            [
                "্প",
                1.0,
                0
            ]
        ],
        "ফ": [
            [
                "্ফ",
                1.0,
                0
            ]
        ],
        "ব": [
            [
                "ঞ",
                1.0,
                0
            ],
            [
                "্ব",
                1.0,
                0
            ]
        ],
        "ভ": [
            [
                "্ভ",
                1.0,
                0
            ]
        ],
        "ম": [
            [
                "ণ",
                1.0,
                0
            ],
            [
                "্ম",
                1.0,
                0
            ]
        ],
        "য": [
            [
                "য়",
                1.0,
                0
            ],
            [
                "্য",
                1.0,
                0
            ]
        ],
        "র": [
            [
                "ৠ",
                1.0,
                0
            ],
            [
                "্র",
                1.0,
                0
            ]
        ],
        "ল": [
            [
                "ৡ",
                1.0,
                0
            ],
            [
                "্ল",
                1.0,
                0
            ]
        ],
        "শ": [
            [
                "্শ",
                1.0,
                0
            ]
        ],
        "ষ": [
            [
                "ঋ",
                1.0,
                0
            ],
            [
                "্ষ",
                1.0,
                0
            ]
        ],
        "স": [
            [
                "শ",
                1.0,
                0
            ],
            [
                "্স",
                1.0,
                0
            ]
        ],
        "হ": [
            [
                "ঙ",
                1.0,
                0
            ],
            [
                "্হ",
                1.0,
                0
            ]
        ],
        "়": [
            [
                "ৃ",
                1.0,
                0
            ]
        ],
        "া": [
            [
                "আ",
                1.0,
                0
            ]
        ],
        "ি": [
            [
                "ই",
                1.0,
                0
            ]
        ],
        "ী": [
            [
                "ঈ",
                1.0,
                0
            ]
        ],
        "ু": [
            [
                "উ",
                1.0,
                0
            ]
        ],
        "ূ": [
            [
                "ঊ",
                1.0,
                0
            ]
        ],
        "ে": [
            [
                "এ",
                1.0,
                0
            ]
        ],
        "ৈ": [
            [
                "ঐ",
                1.0,
                0
            ]
        ],
        "ো": [
            [
                "ও",
                1.0,
                0
            ]
        ],
        "ৌ": [
            [
                "ঔ",
                1.0,
                0
            ]
        ],
        "্": [
            [
                "অ",
                1.0,
                0
            ]
        ],
        "ৗ": [
            [
                "ঽ",
                1.0,
                0
            ]
        ],
        "০": [
            [
                "-",
                1.0,
                0
            ],
            [
                "0",
                1.0,
                0
            ]
        ],
        "১": [
            [
                "।",
                1.0,
                0
            ],
            [
                "1",
                1.0,
                0
            ]
        ],
        "২": [
            [
                "৲",
                1.0,
                0
            ],
            [
                "2",
                1.0,
                0
            ]
        ],
        "৩": [
            [
                "৳",
                1.0,
                0
            ],
            [
                "3",
                1.0,
                0
            ]
        ],
        "৪": [
            [
                "ঃ",
                1.0,
                0
            ],
            [
                "4",
                1.0,
                0
            ]
        ],
        "৫": [
            [
                "@",
                1.0,
                0
            ],
            [
                "5",
                1.0,
                0
            ]
        ],
        "৬": [
            [
                "₹",
                1.0,
                0
            ],
            [
                "6",
                1.0,
                0
            ]
        ],
        "৭": [
            [
                "\"",
                1.0,
                0
            ],
            [
                "7",
                1.0,
                0
            ]
        ],
        "৮": [
            [
                "'",
                1.0,
                0
            ],
            [
                "8",
                1.0,
                0
            ]
        ],
        "৯": [
            [
                "+",
                1.0,
                0
            ],
            [
                "9",
                1.0,
                0
            ]
        ]
    },
    "comment": "",
    "local_name": "বাংলা",
    "name": "Bengali(India)",
    "variant": [
        "bn",
        "IN"
    ],
    "version": [
        0,
        3
    ]
}
