{"comment":"","charmap":{"a":[["á",1.0]],"A":[["Á",1.0]],"e":[["è",1.0],["é",1.0],["ê",1.0],["ë",1.0]],"E":[["É",1.0],
["È",1.0],["Ê",1.0],["Ë",1.0]],"i":[["í",1.0],["î",1.0],["ï",1.0]],"I":[["Î",1.0],["Ï",1.0]],"n":[["'n",1.0]],
"o":[["ó",1.0],["ô",1.0]],"u":[["ü",1.0,0],["û",1.0]],"O":[["Ô",1.0],["Ö",1.0]],"U":[["Û",1.0],["Ú",1.0]],
"y":[["ý",1.0]],"Y":[["Ý",1.0]]},
"name":"Afrikaans (South Africa)","variant":["af","ZA"],"version":[0,3],"local_name":"Afrikaans (Suid-Afrika)"}


