{"comment":"","charmap":
{
"A": [["Ä", 1.0,0]],
"a": [["-a", 1.0,0], ["ä", 1.0], ["-ä", 1.0,0]],
"ä": [["-ä", 1.0,0]],
"b": [["-b", 1.0,0]], 
"ç": [["-ç ", 1.0,0]],
"d": [["-d", 1.0,0]], 
"e": [["-e", 1.0,0]],
"f": [["-f", 1.0,0]],
"g": [["-g", 1.0,0]],
"h": [["-h", 1.0,0]],
"i": [["-i", 1.0,0]],
"j": [["-j", 1.0,0]],
"ž": [["-ž", 1.0,0]],
"z": [["-z", 1.0,0], ["ž", 1.0], ["-ž", 1.0,0]],
"Z": [["Ž", 1.0,0]],
"k": [["-k", 1.0,0]],
"l": [["-l", 1.0,0]],
"m": [["-m", 1.0,0]],
"n": [["-n", 1.0,0], ["ň", 1.0], ["-ň", 1.0,0]],
"ň": [["-ň", 1.0,0]],
"N": [["Ň", 1.0,0]],
"o": [["-o", 1.0,0], ["ö", 1.0], ["-ö", 1.0,0]],
"O": [["Ö", 1.0,0]],
"ö": [["-ö", 1.0,0]],
"p": [["-p", 1.0,0]],
"r": [["-r", 1.0,0]],
"s": [["-s", 1.0,0], ["ş", 1.0], ["-ş", 1.0,0]],
"ş": [["-ş", 1.0,0]],
"S": [["Ş", 1.0,0]],
"t": [["-t", 1.0,0]],
"ü": [["-ü", 1.0,0]],
"u": [["-u", 1.0,0], ["ü", 1.0], ["-ü", 1.0,0]],
"U": [["-Ü", 1.0,0]],
"w": [["-w", 1.0,0]],
"Y": [["Ý", 1.0,0]],
"y": [["-y", 1.0,0], ["ý", 1.0], ["-ý", 1.0,0]],
"ý": [["-ý", 1.0,0]]
},
"name":"Turkmen (Turkmenistan)","variant":["tk","TM"],"version":[0,3],"local_name":"türkmençe (Türkmenistan)"}
