{"comment":"","charmap":
{
"A": [["-A", 1.0,0]],
"a": [["-a", 1.0,0]], 
"Б": [["-Б", 1.0,0]],
"б": [["-б", 1.0,0]],
"В": [["-В", 1.0,0]],
"b": [["-b", 1.0,0]],
"Г": [["-Г", 1.0,0],["Ғ", 1.0], ["-Ғ", 1.0,0]],
"г": [["-г", 1.0,0],["ғ", 1.0], ["-ғ", 1.0,0]],
"Ғ": [["-Ғ", 1.0,0]],
"ғ": [["-ғ", 1.0,0]],
"Д": [["-Д", 1.0,0]],
"д": [["-д", 1.0,0]],
"Е": [["-Е", 1.0,0], ["-Ё", 1.0],["Ё", 1.0]],
"e": [["-e", 1.0,0],["ё", 1.0],["-ё", 1.0]],
"Ё": [["-Ё", 1.0,0]],
"ё": [["-ё", 1.0,0]],
"Ж": [["-Ж", 1.0,0]], 
"ж": [["-ж", 1.0,0]],
"З": [["-З", 1.0,0]], 
"з": [["-з", 1.0,0]],
"И": [["-И", 1.0,0], ["Ӣ", 1.0], ["Й", 1.0], ["-Ӣ", 1.0,0], ["-Й", 1.0,0]],
"и": [["-и", 1.0,0], ["ӣ", 1.0], ["й", 1.0], ["-ӣ", 1.0,0], ["-й", 1.0,0]],
"К": [["-К", 1.0,0], ["Қ", 1.0], ["-Қ", 1.0,0]], 
"к": [["-к", 1.0,0], ["қ", 1.0], ["-қ", 1.0,0]],
"Қ": [["-Қ", 1.0,0]], 
"қ": [["-қ", 1.0,0]],
"Л": [["-Л", 1.0,0]], 
"л": [["-л", 1.0,0]],
"М": [["-М", 1.0,0]], 
"м": [["-м", 1.0,0]],
"Н": [["-Н", 1.0,0]], 
"н": [["-н", 1.0,0]], 
"О": [["-О", 1.0,0]], 
"о": [["-о", 1.0,0]], 
"П": [["-П", 1.0,0]], 
"п": [["-п", 1.0,0]], 
"Р": [["-Р", 1.0,0]], 
"р": [["-р", 1.0,0]], 
"С": [["-С", 1.0,0]], 
"с": [["-с", 1.0,0]], 
"Т": [["-Т", 1.0,0]], 
"т": [["-т", 1.0,0]],
"У": [["-У", 1.0,0], ["Ӯ", 1.0], ["-Ӯ", 1.0,0]],
"у": [["-у", 1.0,0], ["ӯ", 1.0], ["-ӯ", 1.0,0]],
"Ӯ": [["-Ӯ", 1.0,0]], 
"ӯ": [["-ӯ", 1.0,0]], 
"Ф": [["-Ф", 1.0,0]], 
"ф": [["-ф", 1.0,0]], 
"Х": [["-Х", 1.0,0], ["Ҳ", 1.0], ["-Ҳ", 1.0,0]],
"х": [["-х", 1.0,0], ["ҳ", 1.0], ["-ҳ", 1.0,0]],
"Ҳ": [["-Ҳ", 1.0,0]], 
"ҳ": [["-ҳ", 1.0,0]], 
"Ч": [["-Ч", 1.0,0], ["Ҷ", 1.0], ["-Ҷ", 1.0]],
"ч": [["-ч", 1.0,0], ["ҷ", 1.0], ["-ҷ", 1.0]],
"Ҷ": [["-Ҷ", 1.0,0]], 
"ҷ": [["-ҷ", 1.0,0]], 
"Ш": [["-Ш", 1.0,0]],
"ш": [["-ш", 1.0,0]],
"Ъ": [["-Ъ", 1.0,0]], 
"ъ": [["-ъ", 1.0,0]], 
"Э": [["-Э", 1.0,0]], 
"э": [["-э", 1.0,0]], 
"Ю": [["-Ю", 1.0,0]], 
"ю": [["-ю", 1.0,0]],
"Я": [["-Я", 1.0,0]], 
"я": [["-я", 1.0,0]] 
},
"name":"Tajik (Tajikistan)","variant":["tg","TJ"],"version":[0,3],"local_name":"тоҷикӣ (Тоҷикистон)"}

