{
    "version" : 2,
    "lang" : "ur_PK",
    "sections" : [
        {
            "charRules": [
                {
                    "CharRule": {
                        "id": [
                            "\u060C",
                            "\u061F",
                            "\u061B"
                        ],
                        "actions": [
                            "BACKSPACE",
                            "INS_PREDICTION",
                            "INS_FOCUS",
                            "INS_SPACE"
                        ],
                        "contextRules": [
                            {
                                "CatRule": {
                                    "id": [
                                      "P*"
                                    ],
                                    "actions": [
                                        "BACKSPACE",
                                        "INS_FOCUS",
                                        "INS_SPACE"
                                    ]
                                }
                            },
                            {
                                "ContextRule": {
                                    "id": [
                                        " $"
                                    ],
                                    "actions": [
                                        "BACKSPACE",
                                        "INS_FOCUS",
                                        "INS_SPACE"
                                    ]
                                }
                            }
                        ]
                    }
                }
            ]
        }
    ],
    "dependency" : "default",
    "sentenceSeparators" : ["\u061F"]
}
